{
	"height1": {
		"min": 0.0,
		"max": 192.0,
		"q": 6666.0,
		"error": {
			"min": -1.0,
			"max": 1.0,
			"q": 6.0
		}
	},
	"height2": {
		"min": 0.0,
		"max": 64.0,
		"q": 366.0,
		"error": {
			"min": -1.0,
			"max": 1.0,
			"q": 6.0
		}
	},
	"height3": {
		"min": 0.0,
		"max": 4.0,
		"q": 16.0,
		"error": {
			"min": -1.0,
			"max": 1.0,
			"q": 6.0
		}
	},
	"precipitation": {
		"min": 0.0,
		"max": 1200.0,
		"q": 3666.0,
		"error": {
			"min": -1.0,
			"max": 1.0,
			"q": 6.0
		}
	},
	"soil": {
		"min": 2.0,
		"max": 4.0,
		"q": 66.0,
		"error": {
			"min": -1.0,
			"max": 1.0,
			"q": 6.0
		}
	},
	"grassPeak": {
		"min": 200.0,
		"max": 236.0,
		"q": 166.0,
		"error": {
			"min": -1.0,
			"max": 1.0,
			"q": 6.0
		}
	}
}