{"report":{"modules":[{"name":"Accessibility","dependencies":[]},{"name":"AI","dependencies":[]},{"name":"AndroidJNI","dependencies":[]},{"name":"Animation","dependencies":[]},{"name":"AR","dependencies":[]},{"name":"AssetBundle","dependencies":[]},{"name":"Audio","dependencies":[]},{"name":"AutoStreaming","dependencies":[]},{"name":"Cloth","dependencies":[]},{"name":"CloudFoundation","dependencies":[]},{"name":"ClusterInput","dependencies":[]},{"name":"ClusterRenderer","dependencies":[]},{"name":"Core","dependencies":[]},{"name":"CrashReporting","dependencies":[]},{"name":"Director","dependencies":[]},{"name":"DSPGraph","dependencies":[]},{"name":"GameCenter","dependencies":[]},{"name":"GI","dependencies":[]},{"name":"Grid","dependencies":[]},{"name":"HotReload","dependencies":[]},{"name":"ImageConversion","dependencies":[]},{"name":"IMGUI","dependencies":[]},{"name":"Input","dependencies":[]},{"name":"InputLegacy","dependencies":[]},{"name":"JSONSerialize","dependencies":[]},{"name":"Localization","dependencies":[]},{"name":"ParticleSystem","dependencies":[]},{"name":"PerformanceReporting","dependencies":[]},{"name":"Physics","dependencies":[]},{"name":"Physics2D","dependencies":[]},{"name":"Profiler","dependencies":[]},{"name":"ScreenCapture","dependencies":[]},{"name":"SharedInternals","dependencies":[]},{"name":"SpriteMask","dependencies":[]},{"name":"SpriteShape","dependencies":[]},{"name":"Streaming","dependencies":[]},{"name":"Substance","dependencies":[]},{"name":"Subsystems","dependencies":[]},{"name":"Terrain","dependencies":[]},{"name":"TerrainPhysics","dependencies":[]},{"name":"TextCore","dependencies":[]},{"name":"TextRendering","dependencies":[]},{"name":"Tilemap","dependencies":[]},{"name":"TLS","dependencies":[]},{"name":"UI","dependencies":[]},{"name":"UIElements","dependencies":[]},{"name":"UIElementsNative","dependencies":[]},{"name":"Umbra","dependencies":[]},{"name":"UNET","dependencies":[]},{"name":"UnityAnalytics","dependencies":[]},{"name":"UnityConnect","dependencies":[]},{"name":"UnityCurl","dependencies":[]},{"name":"UnityTestProtocol","dependencies":[]},{"name":"UnityWebRequest","dependencies":[]},{"name":"UnityWebRequestAssetBundle","dependencies":[]},{"name":"UnityWebRequestAudio","dependencies":[]},{"name":"UnityWebRequestTexture","dependencies":[]},{"name":"UnityWebRequestWWW","dependencies":[]},{"name":"Vehicles","dependencies":[]},{"name":"VFX","dependencies":[]},{"name":"Video","dependencies":[]},{"name":"VirtualTexturing","dependencies":[]},{"name":"VR","dependencies":[]},{"name":"Wind","dependencies":[]},{"name":"XR","dependencies":[]}]}}